spkr_id,duration
ksb3k,172.37524999999997
ksh41,95.7013125
ks62v,96.599625
ks947,95.462
ksh0i,96.48050000000003
ksk0h,99.982625
ksi3r,92.4895
ks33r,271.041875
ks231,267.0148125
ks60w,96.44331250000002
ksb0s,148.6676875
ks933,94.38018749999998
ks038,143.524625
ksl0p,97.04649999999998
ks93t,94.3904375
ks60h,89.70343749999998
ksg0e,204.48325000000008
ks61i,89.43625
ksb0m,146.25425
ks40s,288.86243749999994
ksd2u,270.5029375000001
ksh0q,96.39312499999998
